gid_1,hasc_1,gadm_version,state_name,uf,ibge_cd_uf,art12_region,vegetation_class,vegetation_class_label,legal_reserve_min_share,max_alt_land_use_share,legal_basis
BRA.1_1,BR.AC,4.1,Acre,AC,12,legal_amazon,campos_gerais,Legal Amazon – general grassland (campos gerais),0.2,0.8,"Art. 12, I, c"
BRA.1_1,BR.AC,4.1,Acre,AC,12,legal_amazon,cerrado,Legal Amazon – cerrado,0.35,0.65,"Art. 12, I, b"
BRA.1_1,BR.AC,4.1,Acre,AC,12,legal_amazon,forest,Legal Amazon – forest (florestas),0.8,0.2,"Art. 12, I, a"
BRA.2_1,BR.AL,4.1,Alagoas,AL,27,rest_of_brazil,all,Rest of Brazil (demais regiões),0.2,0.8,"Art. 12, II"
BRA.3_1,BR.AP,4.1,Amapá,AP,16,legal_amazon,campos_gerais,Legal Amazon – general grassland (campos gerais),0.2,0.8,"Art. 12, I, c"
BRA.3_1,BR.AP,4.1,Amapá,AP,16,legal_amazon,cerrado,Legal Amazon – cerrado,0.35,0.65,"Art. 12, I, b"
BRA.3_1,BR.AP,4.1,Amapá,AP,16,legal_amazon,forest,Legal Amazon – forest (florestas),0.8,0.2,"Art. 12, I, a"
BRA.4_1,BR.AM,4.1,Amazonas,AM,13,legal_amazon,campos_gerais,Legal Amazon – general grassland (campos gerais),0.2,0.8,"Art. 12, I, c"
BRA.4_1,BR.AM,4.1,Amazonas,AM,13,legal_amazon,cerrado,Legal Amazon – cerrado,0.35,0.65,"Art. 12, I, b"
BRA.4_1,BR.AM,4.1,Amazonas,AM,13,legal_amazon,forest,Legal Amazon – forest (florestas),0.8,0.2,"Art. 12, I, a"
BRA.5_1,BR.BA,4.1,Bahia,BA,29,rest_of_brazil,all,Rest of Brazil (demais regiões),0.2,0.8,"Art. 12, II"
BRA.6_1,BR.CE,4.1,Ceará,CE,23,rest_of_brazil,all,Rest of Brazil (demais regiões),0.2,0.8,"Art. 12, II"
BRA.7_1,BR.DF,4.1,Distrito Federal,DF,53,rest_of_brazil,all,Rest of Brazil (demais regiões),0.2,0.8,"Art. 12, II"
BRA.8_1,BR.ES,4.1,Espírito Santo,ES,32,rest_of_brazil,all,Rest of Brazil (demais regiões),0.2,0.8,"Art. 12, II"
BRA.9_1,BR.GO,4.1,Goiás,GO,52,legal_amazon,campos_gerais,Legal Amazon – general grassland (campos gerais),0.2,0.8,"Art. 12, I, c"
BRA.9_1,BR.GO,4.1,Goiás,GO,52,legal_amazon,cerrado,Legal Amazon – cerrado,0.35,0.65,"Art. 12, I, b"
BRA.9_1,BR.GO,4.1,Goiás,GO,52,legal_amazon,forest,Legal Amazon – forest (florestas),0.8,0.2,"Art. 12, I, a"
BRA.9_1,BR.GO,4.1,Goiás,GO,52,rest_of_brazil,all,Rest of Brazil (demais regiões),0.2,0.8,"Art. 12, II"
BRA.10_1,BR.MA,4.1,Maranhão,MA,21,legal_amazon,campos_gerais,Legal Amazon – general grassland (campos gerais),0.2,0.8,"Art. 12, I, c"
BRA.10_1,BR.MA,4.1,Maranhão,MA,21,legal_amazon,cerrado,Legal Amazon – cerrado,0.35,0.65,"Art. 12, I, b"
BRA.10_1,BR.MA,4.1,Maranhão,MA,21,legal_amazon,forest,Legal Amazon – forest (florestas),0.8,0.2,"Art. 12, I, a"
BRA.10_1,BR.MA,4.1,Maranhão,MA,21,rest_of_brazil,all,Rest of Brazil (demais regiões),0.2,0.8,"Art. 12, II"
BRA.12_1,BR.MT,4.1,Mato Grosso,MT,51,legal_amazon,campos_gerais,Legal Amazon – general grassland (campos gerais),0.2,0.8,"Art. 12, I, c"
BRA.12_1,BR.MT,4.1,Mato Grosso,MT,51,legal_amazon,cerrado,Legal Amazon – cerrado,0.35,0.65,"Art. 12, I, b"
BRA.12_1,BR.MT,4.1,Mato Grosso,MT,51,legal_amazon,forest,Legal Amazon – forest (florestas),0.8,0.2,"Art. 12, I, a"
BRA.11_1,BR.MS,4.1,Mato Grosso do Sul,MS,50,rest_of_brazil,all,Rest of Brazil (demais regiões),0.2,0.8,"Art. 12, II"
BRA.13_1,BR.MG,4.1,Minas Gerais,MG,31,rest_of_brazil,all,Rest of Brazil (demais regiões),0.2,0.8,"Art. 12, II"
BRA.14_1,BR.PA,4.1,Pará,PA,15,legal_amazon,campos_gerais,Legal Amazon – general grassland (campos gerais),0.2,0.8,"Art. 12, I, c"
BRA.14_1,BR.PA,4.1,Pará,PA,15,legal_amazon,cerrado,Legal Amazon – cerrado,0.35,0.65,"Art. 12, I, b"
BRA.14_1,BR.PA,4.1,Pará,PA,15,legal_amazon,forest,Legal Amazon – forest (florestas),0.8,0.2,"Art. 12, I, a"
BRA.15_1,BR.PB,4.1,Paraíba,PB,25,rest_of_brazil,all,Rest of Brazil (demais regiões),0.2,0.8,"Art. 12, II"
BRA.16_1,BR.PR,4.1,Paraná,PR,41,rest_of_brazil,all,Rest of Brazil (demais regiões),0.2,0.8,"Art. 12, II"
BRA.17_1,BR.PE,4.1,Pernambuco,PE,26,rest_of_brazil,all,Rest of Brazil (demais regiões),0.2,0.8,"Art. 12, II"
BRA.18_1,BR.PI,4.1,Piauí,PI,22,rest_of_brazil,all,Rest of Brazil (demais regiões),0.2,0.8,"Art. 12, II"
BRA.19_1,BR.RJ,4.1,Rio de Janeiro,RJ,33,rest_of_brazil,all,Rest of Brazil (demais regiões),0.2,0.8,"Art. 12, II"
BRA.20_1,BR.RN,4.1,Rio Grande do Norte,RN,24,rest_of_brazil,all,Rest of Brazil (demais regiões),0.2,0.8,"Art. 12, II"
BRA.21_1,BR.RS,4.1,Rio Grande do Sul,RS,43,rest_of_brazil,all,Rest of Brazil (demais regiões),0.2,0.8,"Art. 12, II"
BRA.22_1,BR.RO,4.1,Rondônia,RO,11,legal_amazon,campos_gerais,Legal Amazon – general grassland (campos gerais),0.2,0.8,"Art. 12, I, c"
BRA.22_1,BR.RO,4.1,Rondônia,RO,11,legal_amazon,cerrado,Legal Amazon – cerrado,0.35,0.65,"Art. 12, I, b"
BRA.22_1,BR.RO,4.1,Rondônia,RO,11,legal_amazon,forest,Legal Amazon – forest (florestas),0.8,0.2,"Art. 12, I, a"
BRA.23_1,BR.RR,4.1,Roraima,RR,14,legal_amazon,campos_gerais,Legal Amazon – general grassland (campos gerais),0.2,0.8,"Art. 12, I, c"
BRA.23_1,BR.RR,4.1,Roraima,RR,14,legal_amazon,cerrado,Legal Amazon – cerrado,0.35,0.65,"Art. 12, I, b"
BRA.23_1,BR.RR,4.1,Roraima,RR,14,legal_amazon,forest,Legal Amazon – forest (florestas),0.8,0.2,"Art. 12, I, a"
BRA.24_1,BR.SC,4.1,Santa Catarina,SC,42,rest_of_brazil,all,Rest of Brazil (demais regiões),0.2,0.8,"Art. 12, II"
BRA.25_1,BR.SP,4.1,São Paulo,SP,35,rest_of_brazil,all,Rest of Brazil (demais regiões),0.2,0.8,"Art. 12, II"
BRA.26_1,BR.SE,4.1,Sergipe,SE,28,rest_of_brazil,all,Rest of Brazil (demais regiões),0.2,0.8,"Art. 12, II"
BRA.27_1,BR.TO,4.1,Tocantins,TO,17,legal_amazon,campos_gerais,Legal Amazon – general grassland (campos gerais),0.2,0.8,"Art. 12, I, c"
BRA.27_1,BR.TO,4.1,Tocantins,TO,17,legal_amazon,cerrado,Legal Amazon – cerrado,0.35,0.65,"Art. 12, I, b"
BRA.27_1,BR.TO,4.1,Tocantins,TO,17,legal_amazon,forest,Legal Amazon – forest (florestas),0.8,0.2,"Art. 12, I, a"
BRA.27_1,BR.TO,4.1,Tocantins,TO,17,rest_of_brazil,all,Rest of Brazil (demais regiões),0.2,0.8,"Art. 12, II"
